sample,time,code,chan
75153,36.69580078125,4,-1
76421,37.31494140625,138,left
76534,37.3701171875,60,-1
76579,37.39208984375,148,left
76660,37.431640625,138,left
76769,37.48486328125,148,left
82526,40.2958984375,4,-1
83331,40.68896484375,138,left
83419,40.73193359375,60,-1
83474,40.7587890625,148,left
83521,40.78173828125,138,left
83692,40.865234375,148,left
102801,50.19580078125,4,-1
103596,50.583984375,138,left
103676,50.623046875,60,-1
103772,50.669921875,148,left
103828,50.697265625,138,left
103952,50.7578125,148,left
104348,50.951171875,138,left
104381,50.96728515625,148,left
109661,53.54541015625,4,-1
110202,53.8095703125,138,left
110288,53.8515625,148,left
110325,53.86962890625,138,left
110367,53.89013671875,60,-1
110511,53.96044921875,148,left
111025,54.21142578125,138,left
111055,54.22607421875,148,left
116351,56.81201171875,16,-1
117077,57.16650390625,138,right
117192,57.22265625,112,-1
117297,57.27392578125,148,right
117625,57.43408203125,138,left
117708,57.474609375,148,left
123178,60.1455078125,16.0,-1.0
123675,60.38818359375,138,right
123769,60.43408203125,112.0,-1.0
123900,60.498046875,148,right
129766,63.3623046875,4,-1
130470,63.7060546875,138,left
130635,63.78662109375,60,-1
130736,63.8359375,148,left
130785,63.85986328125,138,left
130864,63.8984375,148,left
136626,66.7119140625,16,-1
137287,67.03466796875,138,right
137403,67.09130859375,112,-1
137455,67.11669921875,148,right
139405,68.06884765625,138,left
139591,68.15966796875,148,left
143384,70.01171875,4,-1
143778,70.2041015625,138,left
143914,70.2705078125,148,left
144007,70.31591796875,138,left
144077,70.35009765625,60,-1
144147,70.38427734375,148,left
150075,73.27880859375,4,-1
150667,73.56787109375,138,left
150765,73.61572265625,60,-1
150810,73.6376953125,148,left
150903,73.68310546875,138,left
151069,73.76416015625,148,left
151601,74.02392578125,138,left
151646,74.0458984375,148,left
156765,76.54541015625,8.0,-1.0
157461,76.88525390625,138,right
157498,76.9033203125,120.0,-1.0
157596,76.951171875,148,right
163489,79.82861328125,4,-1
163943,80.05029296875,138,left
164136,80.14453125,60,-1
164209,80.18017578125,148,left
164296,80.22265625,138,left
164410,80.2783203125,148,left
170145,83.07861328125,16.0,-1.0
170734,83.3662109375,138,right
170863,83.42919921875,112.0,-1.0
170954,83.4736328125,148,right
176869,86.36181640625,8.0,-1.0
177571,86.70458984375,138,right
177635,86.73583984375,148,right
177709,86.77197265625,138,right
177756,86.794921875,120.0,-1.0
177819,86.82568359375,148,right
183764,89.728515625,8.0,-1.0
184173,89.92822265625,138,right
184329,90.00439453125,148,right
184337,90.00830078125,120.0,-1.0
184377,90.02783203125,138,right
184525,90.10009765625,148,right
197041,96.21142578125,4,-1
197479,96.42529296875,138,right
197608,96.48828125,148,right
197939,96.64990234375,138,left
198003,96.68115234375,60,-1
198090,96.7236328125,148,left
198161,96.75830078125,138,left
198291,96.82177734375,148,left
198714,97.0283203125,138,left
198775,97.05810546875,148,left
198844,97.091796875,138,left
198922,97.1298828125,148,left
204004,99.611328125,8.0,-1.0
204573,99.88916015625,138,right
204723,99.96240234375,120.0,-1.0
204843,100.02099609375,148,right
210728,102.89453125,16.0,-1.0
211095,103.07373046875,138,right
211324,103.185546875,112.0,-1.0
211472,103.2578125,148,right
230901,112.74462890625,8,-1
231304,112.94140625,138,left
231427,113.00146484375,148,left
231623,113.09716796875,138,right
231740,113.154296875,148,right
231757,113.16259765625,120,-1
231890,113.2275390625,138,right
231981,113.27197265625,148,right
232062,113.3115234375,138,right
232355,113.45458984375,148,right
232653,113.60009765625,138,right
232757,113.65087890625,148,right
232875,113.70849609375,138,right
232970,113.7548828125,148,right
233048,113.79296875,138,right
233174,113.8544921875,148,right
233274,113.9033203125,138,right
233372,113.951171875,148,right
233748,114.134765625,138,right
233880,114.19921875,148,right
237762,116.0947265625,4,-1
238538,116.4736328125,138,left
238709,116.55712890625,60,-1
238810,116.6064453125,148,left
238978,116.6884765625,138,left
239098,116.7470703125,148,left
239152,116.7734375,138,left
239383,116.88623046875,148,left
251551,122.82763671875,16.0,-1.0
252087,123.08935546875,138,right
252221,123.15478515625,112.0,-1.0
252337,123.21142578125,148,right
253046,123.5576171875,192.0,-1.0
258207,126.07763671875,16.0,-1.0
258639,126.28857421875,138,right
258733,126.33447265625,112.0,-1.0
258867,126.39990234375,148,right
259557,126.73681640625,192.0,-1.0
271485,132.56103515625,16.0,-1.0
271895,132.76123046875,138,right
271981,132.80322265625,148,right
272001,132.81298828125,112.0,-1.0
272068,132.845703125,138,right
272233,132.92626953125,148,right
272825,133.21533203125,192.0,-1.0
278004,135.744140625,16.0,-1.0
278668,136.068359375,138,right
278759,136.11279296875,112.0,-1.0
278857,136.16064453125,148,right
278907,136.18505859375,138,right
278998,136.2294921875,148,right
279583,136.51513671875,192.0,-1.0
284762,139.0439453125,16.0,-1.0
285152,139.234375,138,right
285286,139.2998046875,112.0,-1.0
285494,139.4013671875,148,right
286110,139.7021484375,192.0,-1.0
291282,142.2275390625,4,-1
291945,142.55126953125,138,left
292043,142.59912109375,60,-1
292093,142.62353515625,148,left
292148,142.650390625,138,left
292326,142.7373046875,148,left
292388,142.767578125,138,left
292468,142.806640625,148,left
292701,142.92041015625,138,left
292798,142.9677734375,148,left
292868,143.001953125,192,-1
298040,145.52734375,16.0,-1.0
298372,145.689453125,138,right
298434,145.7197265625,148,right
298475,145.73974609375,138,right
298544,145.7734375,112.0,-1.0
298600,145.80078125,148,right
298652,145.826171875,138,right
298759,145.87841796875,148,right
299368,146.17578125,192.0,-1.0
318110,155.3271484375,8,-1
318520,155.52734375,138,left
318634,155.5830078125,148,left
318753,155.64111328125,138,right
318875,155.70068359375,120,-1
318915,155.72021484375,148,right
318955,155.73974609375,138,right
319089,155.80517578125,148,right
319699,156.10302734375,192,-1
324868,158.626953125,16.0,-1.0
325443,158.90771484375,138,right
325513,158.94189453125,148,right
325584,158.9765625,138,right
325652,159.009765625,112.0,-1.0
325695,159.03076171875,148,right
325769,159.06689453125,138,right
325876,159.119140625,148,right
331661,161.94384765625,4,-1
332163,162.18896484375,138,left
332295,162.25341796875,60,-1
332481,162.34423828125,148,left
333119,162.65576171875,192,-1
345041,168.47705078125,16.0,-1.0
345727,168.81201171875,138,right
345810,168.8525390625,112.0,-1.0
346051,168.97021484375,148,right
346634,169.2548828125,192.0,-1.0
351799,171.77685546875,8,-1
352240,171.9921875,138,left
352423,172.08154296875,148,left
352536,172.13671875,138,right
352657,172.19580078125,148,right
352695,172.21435546875,120,-1
352697,172.21533203125,138,right
352968,172.34765625,148,right
358694,175.1435546875,4,-1
359296,175.4375,138,left
359481,175.52783203125,60,-1
359654,175.6123046875,148,left
359823,175.69482421875,138,left
359920,175.7421875,148,left
361249,176.39111328125,138,right
361280,176.40625,148,right
365486,178.4599609375,8.0,-1.0
365965,178.69384765625,138,right
366091,178.75537109375,148,right
366176,178.796875,138,right
366244,178.830078125,120.0,-1.0
366350,178.8818359375,148,right
367068,179.232421875,192.0,-1.0
372245,181.76025390625,8,-1
372836,182.048828125,138,left
372886,182.0732421875,148,left
372995,182.12646484375,138,right
373073,182.16455078125,120,-1
373105,182.18017578125,148,right
373151,182.20263671875,138,right
373303,182.27685546875,148,right
379071,185.09326171875,4,-1
379614,185.3583984375,138,right
379692,185.396484375,148,right
379782,185.4404296875,138,left
379945,185.52001953125,60,-1
380151,185.62060546875,148,left
380363,185.72412109375,138,left
380448,185.765625,148,left
380662,185.8701171875,138,left
380716,185.896484375,148,left
399448,195.04296875,16.0,-1.0
399810,195.2197265625,138,right
399969,195.29736328125,112.0,-1.0
400062,195.3427734375,148,right
400793,195.69970703125,192.0,-1.0
405968,198.2265625,8.0,-1.0
406541,198.50634765625,138,right
406704,198.5859375,120.0,-1.0
406792,198.62890625,148,right
407528,198.98828125,192.0,-1.0
419348,204.759765625,8,-1
419827,204.99365234375,138,left
419927,205.04248046875,148,left
420070,205.1123046875,138,right
420159,205.15576171875,120,-1
420161,205.15673828125,138,left
420186,205.1689453125,148,right
420282,205.2158203125,148,left
420298,205.2236328125,138,right
420423,205.28466796875,148,right
420505,205.32470703125,138,right
420589,205.36572265625,148,right
420695,205.41748046875,138,right
420762,205.4501953125,148,right
421112,205.62109375,138,right
421198,205.6630859375,148,right
421285,205.70556640625,138,right
421352,205.73828125,148,right
426140,208.076171875,8.0,-1.0
426709,208.35400390625,138,right
426815,208.40576171875,120.0,-1.0
427030,208.5107421875,148,right
427639,208.80810546875,192.0,-1.0
439725,214.70947265625,8.0,-1.0
440485,215.08056640625,138,right
440593,215.13330078125,120.0,-1.0
440806,215.2373046875,148,right
453412,221.392578125,4,-1
453975,221.66748046875,138,right
454105,221.73095703125,148,right
454155,221.75537109375,138,left
454352,221.8515625,60,-1
454435,221.89208984375,148,left
454475,221.91162109375,138,left
454602,221.9736328125,148,left
460341,224.77587890625,8.0,-1.0
460699,224.95068359375,138,right
460880,225.0390625,120.0,-1.0
461024,225.109375,148,right
461705,225.44189453125,192.0,-1.0
466895,227.97607421875,8.0,-1.0
467427,228.23583984375,138,right
467567,228.30419921875,120.0,-1.0
467717,228.37744140625,148,right
468391,228.70654296875,192.0,-1.0
473585,231.24267578125,16.0,-1.0
474243,231.56396484375,138,right
474335,231.60888671875,112.0,-1.0
474476,231.677734375,148,right
475159,232.01123046875,192.0,-1.0
480343,234.54248046875,8.0,-1.0
480884,234.806640625,138,right
480998,234.8623046875,120.0,-1.0
481162,234.9423828125,148,right
481822,235.2646484375,192.0,-1.0
486999,237.79248046875,16.0,-1.0
487457,238.01611328125,138,right
487640,238.10546875,112.0,-1.0
487951,238.25732421875,148,right
488016,238.2890625,138,right
488100,238.330078125,148,right
488464,238.5078125,192.0,-1.0
500379,244.32568359375,4,-1
500972,244.615234375,138,left
501090,244.6728515625,148,left
501099,244.67724609375,60,-1
501163,244.70849609375,138,left
501281,244.76611328125,148,left
501725,244.98291015625,138,left
501754,244.9970703125,148,left
501923,245.07958984375,192,-1
627148,306.224609375,8,-1
627748,306.517578125,138,left
627883,306.58349609375,148,left
628056,306.66796875,138,right
628099,306.68896484375,120,-1
628381,306.82666015625,148,right
629256,307.25390625,138,left
629343,307.29638671875,148,left
629647,307.44482421875,138,right
629760,307.5,148,right
634111,309.62451171875,8.0,-1.0
634519,309.82373046875,138,right
634718,309.9208984375,120.0,-1.0
634940,310.029296875,148,right
640699,312.84130859375,4,-1
641308,313.138671875,138,left
641482,313.2236328125,60,-1
641578,313.2705078125,148,left
647491,316.15771484375,4,-1
648228,316.517578125,138,left
648347,316.57568359375,148,left
648392,316.59765625,138,left
648413,316.60791015625,60,-1
648579,316.68896484375,148,left
648605,316.70166015625,138,left
648645,316.72119140625,148,left
654420,319.541015625,4,-1
655029,319.83837890625,138,left
655125,319.88525390625,60,-1
655307,319.97412109375,148,left
655468,320.052734375,138,left
655597,320.11572265625,148,left
655775,320.20263671875,138,right
655810,320.2197265625,148,right
661110,322.8076171875,16,-1
661662,323.0771484375,138,right
661783,323.13623046875,112,-1
661866,323.1767578125,148,right
661871,323.17919921875,138,left
661911,323.19873046875,148,left
667766,326.0576171875,8.0,-1.0
668350,326.3427734375,138,right
668442,326.3876953125,120.0,-1.0
668610,326.4697265625,148,right
674422,329.3076171875,4,-1
675101,329.63916015625,138,left
675280,329.7265625,60,-1
675404,329.787109375,148,left
675738,329.9501953125,138,left
675856,330.0078125,148,left
688075,335.97412109375,16.0,-1.0
688667,336.26318359375,138,right
688761,336.30908203125,112.0,-1.0
688984,336.41796875,148,right
694765,339.24072265625,16.0,-1.0
695211,339.45849609375,138,right
695344,339.5234375,112.0,-1.0
695527,339.61279296875,148,right
701353,342.45751953125,4,-1
701840,342.6953125,138,right
701945,342.74658203125,138,left
701945,342.74658203125,148,right
702018,342.7822265625,148,left
702060,342.802734375,138,left
702158,342.8505859375,60,-1
702236,342.888671875,148,left
702276,342.908203125,138,left
702380,342.958984375,148,left
708145,345.77392578125,8,-1
708729,346.05908203125,138,left
708817,346.10205078125,148,left
708959,346.17138671875,138,right
709035,346.20849609375,120,-1
709302,346.3388671875,148,right
709367,346.37060546875,138,right
709485,346.42822265625,148,right
709554,346.4619140625,138,right
709658,346.5126953125,148,right
709823,346.59326171875,138,right
709866,346.6142578125,148,right
710186,346.7705078125,138,right
710245,346.79931640625,148,right
715040,349.140625,4,-1
715670,349.4482421875,138,left
715806,349.5146484375,60,-1
716023,349.62060546875,148,left
721798,352.4404296875,4,-1
722566,352.8154296875,138,left
722671,352.86669921875,148,left
722700,352.880859375,60,-1
722725,352.89306640625,138,left
723073,353.06298828125,148,left
723147,353.09912109375,138,left
723289,353.16845703125,148,left
742141,362.37353515625,4,-1
742538,362.5673828125,138,right
742627,362.61083984375,148,right
742829,362.70947265625,138,left
742985,362.78564453125,60,-1
743258,362.9189453125,148,left
743421,362.99853515625,138,left
743521,363.04736328125,148,left
762416,372.2734375,4,-1
762474,372.3017578125,138,right
762492,372.310546875,148,right
763051,372.58349609375,138,left
763184,372.6484375,60,-1
763412,372.759765625,148,left
763954,373.0244140625,138,left
764006,373.0498046875,148,left
769174,375.5732421875,16,-1
769709,375.83447265625,138,left
769737,375.84814453125,148,left
769982,375.9677734375,138,right
770028,375.990234375,148,right
770069,376.01025390625,138,right
770164,376.056640625,112,-1
770455,376.19873046875,148,right
776172,378.990234375,16.0,-1.0
776786,379.2900390625,138,right
776898,379.3447265625,112.0,-1.0
777044,379.416015625,148,right
777722,379.7470703125,192.0,-1.0
782896,382.2734375,4,-1
783306,382.4736328125,138,left
783513,382.57470703125,60,-1
783835,382.73193359375,148,left
784338,382.9775390625,192,-1
789518,385.5068359375,16.0,-1.0
790139,385.81005859375,138,right
790273,385.87548828125,112.0,-1.0
790539,386.00537109375,148,right
791098,386.2783203125,192.0,-1.0
796276,388.806640625,16.0,-1.0
796785,389.05517578125,138,right
796870,389.0966796875,112.0,-1.0
797118,389.2177734375,148,right
797694,389.4990234375,192.0,-1.0
802863,392.02294921875,4,-1
803613,392.38916015625,138,left
803734,392.4482421875,60,-1
804026,392.5908203125,148,left
816960,398.90625,16.0,-1.0
817467,399.15380859375,138,right
817600,399.21875,112.0,-1.0
817757,399.29541015625,148,right
818424,399.62109375,192.0,-1.0
823616,402.15625,8,-1
824110,402.3974609375,138,left
824225,402.45361328125,148,left
824357,402.51806640625,138,right
824432,402.5546875,120,-1
824494,402.5849609375,148,right
824527,402.60107421875,138,right
824688,402.6796875,148,right
830443,405.48974609375,8,-1
830959,405.74169921875,138,left
831013,405.76806640625,148,left
831187,405.85302734375,138,right
831256,405.88671875,120,-1
831467,405.98974609375,148,right
837269,408.82275390625,16.0,-1.0
837994,409.1767578125,138,right
838062,409.2099609375,112.0,-1.0
838131,409.24365234375,148,right
838171,409.26318359375,138,right
838312,409.33203125,148,right
844062,412.1396484375,4,-1
844797,412.49853515625,138,left
844979,412.58740234375,60,-1
845159,412.67529296875,148,left
845579,412.88037109375,138,left
845667,412.92333984375,148,left
846458,413.3095703125,138,left
846485,413.32275390625,148,left
850991,415.52294921875,8.0,-1.0
851765,415.90087890625,138,right
851879,415.95654296875,120.0,-1.0
852041,416.03564453125,148,right
857885,418.88916015625,16.0,-1.0
858418,419.1494140625,138,right
858514,419.1962890625,112.0,-1.0
858705,419.28955078125,148,right
859338,419.5986328125,192.0,-1.0
871368,425.47265625,8.0,-1.0
872091,425.82568359375,138,right
872178,425.8681640625,120.0,-1.0
872392,425.97265625,148,right
878160,428.7890625,16.0,-1.0
878718,429.0615234375,138,right
878795,429.09912109375,112.0,-1.0
879045,429.22119140625,148,right
879619,429.50146484375,192.0,-1.0
884782,432.0224609375,8.0,-1.0
885213,432.23291015625,138,right
885340,432.294921875,148,right
885378,432.3134765625,138,right
885436,432.341796875,120.0,-1.0
885747,432.49365234375,148,right
886261,432.74462890625,192.0,-1.0
891438,435.2724609375,4,-1
892095,435.59326171875,138,left
892227,435.65771484375,60,-1
892445,435.76416015625,148,left
898230,438.5888671875,8.0,-1.0
898837,438.88525390625,138,right
898955,438.94287109375,120.0,-1.0
899098,439.0126953125,148,right
899779,439.34521484375,192.0,-1.0
904955,441.87255859375,8.0,-1.0
905353,442.06689453125,138,right
905476,442.126953125,148,right
905576,442.17578125,138,right
905645,442.20947265625,120.0,-1.0
905695,442.23388671875,148,right
905733,442.25244140625,138,right
905877,442.32275390625,148,right
906469,442.61181640625,192.0,-1.0
911645,445.13916015625,8.0,-1.0
912118,445.3701171875,138,right
912253,445.43603515625,120.0,-1.0
912450,445.5322265625,148,right
913077,445.83837890625,192.0,-1.0
931885,455.02197265625,4,-1
932588,455.365234375,138,left
932694,455.4169921875,60,-1
932906,455.5205078125,148,left
933376,455.75,138,left
933478,455.7998046875,148,left
933660,455.888671875,138,left
933705,455.91064453125,148,left
938678,458.3388671875,4,-1
939488,458.734375,138,left
939629,458.80322265625,60,-1
939811,458.89208984375,148,left
940187,459.07568359375,138,left
940252,459.107421875,148,left
940632,459.29296875,138,left
940682,459.3173828125,148,left
945641,461.73876953125,8.0,-1.0
946268,462.044921875,138,right
946387,462.10302734375,120.0,-1.0
946528,462.171875,148,right
946702,462.2568359375,138,right
946726,462.2685546875,148,right
947211,462.50537109375,192.0,-1.0
966189,471.77197265625,8.0,-1.0
966876,472.107421875,138,right
966999,472.16748046875,120.0,-1.0
967178,472.2548828125,148,right
972981,475.08837890625,16.0,-1.0
973656,475.41796875,138,right
973769,475.47314453125,112.0,-1.0
973963,475.56787109375,148,right
974593,475.87548828125,192.0,-1.0
979774,478.4052734375,8.0,-1.0
980422,478.7216796875,138,right
980482,478.7509765625,148,right
980516,478.767578125,120.0,-1.0
980557,478.78759765625,138,right
980670,478.8427734375,148,right
980730,478.8720703125,138,right
980817,478.91455078125,148,right
981340,479.169921875,192.0,-1.0
993222,484.9716796875,4,-1
993949,485.32666015625,138,left
994012,485.357421875,148,left
994092,485.396484375,138,left
994167,485.43310546875,60,-1
994320,485.5078125,148,left
1000151,488.35498046875,16.0,-1.0
1000789,488.66650390625,138,right
1000874,488.7080078125,112.0,-1.0
1001101,488.81884765625,148,right
1001699,489.11083984375,192.0,-1.0
1013702,494.9716796875,8.0,-1.0
1014086,495.1591796875,138,right
1014242,495.2353515625,148,right
1014287,495.25732421875,138,right
1014357,495.29150390625,120.0,-1.0
1014599,495.40966796875,148,right
1015182,495.6943359375,192.0,-1.0
1027184,501.5546875,16.0,-1.0
1027585,501.75048828125,138,right
1027759,501.83544921875,112.0,-1.0
1027872,501.890625,148,right
1028583,502.23779296875,192.0,-1.0
1033772,504.771484375,16.0,-1.0
1034181,504.97119140625,138,right
1034298,505.0283203125,112.0,-1.0
1034493,505.12353515625,148,right
1035122,505.4306640625,192.0,-1.0
1047152,511.3046875,16.0,-1.0
1047521,511.48486328125,138,right
1047678,511.5615234375,112.0,-1.0
1047859,511.64990234375,148,right
1048502,511.9638671875,192.0,-1.0
1149243,561.15380859375,8.0,-1.0
1149928,561.48828125,138,right
1150037,561.54150390625,120.0,-1.0
1150331,561.68505859375,148,right
1156035,564.47021484375,8.0,-1.0
1156571,564.73193359375,138,right
1156697,564.79345703125,120.0,-1.0
1156833,564.85986328125,148,right
1169313,570.95361328125,8,-1
1169718,571.1513671875,138,right
1169843,571.21240234375,120,-1
1170082,571.3291015625,148,right
1170878,571.7177734375,138,left
1170976,571.765625,148,left
1171240,571.89453125,138,left
1171352,571.94921875,148,left
1175832,574.13671875,4,-1
1176696,574.55859375,138,left
1176800,574.609375,60,-1
1176845,574.63134765625,148,left
1176878,574.6474609375,138,left
1177053,574.73291015625,148,left
1189758,580.9365234375,4,-1
1190511,581.30419921875,138,left
1190619,581.35693359375,60,-1
1190828,581.458984375,148,left
1190893,581.49072265625,138,left
1191042,581.5634765625,148,left
1209931,590.78662109375,16.0,-1.0
1210746,591.1845703125,138,right
1210868,591.244140625,112.0,-1.0
1211052,591.333984375,148,right
1216860,594.169921875,4,-1
1217458,594.4619140625,138,right
1217510,594.4873046875,148,right
1217684,594.572265625,138,left
1217787,594.62255859375,148,left
1217930,594.6923828125,138,left
1218049,594.75048828125,60,-1
1218229,594.83837890625,148,left
1224028,597.669921875,4,-1
1224561,597.93017578125,138,right
1224670,597.9833984375,148,right
1224847,598.06982421875,138,left
1224994,598.1416015625,60,-1
1225175,598.22998046875,148,left
1230991,601.06982421875,8.0,-1.0
1231525,601.33056640625,138,right
1231637,601.38525390625,120.0,-1.0
1231814,601.4716796875,148,right
1237647,604.31982421875,4,-1
1238453,604.71337890625,138,left
1238541,604.75634765625,60,-1
1238617,604.79345703125,148,left
1244541,607.68603515625,16.0,-1.0
1245250,608.0322265625,138,right
1245398,608.1044921875,112.0,-1.0
1245520,608.1640625,148,right
1250378,610.5361328125,138,left
1250389,610.54150390625,148,left
1251402,611.0361328125,16,-1
1251933,611.29541015625,138,right
1252049,611.35205078125,112,-1
1252241,611.44580078125,148,right
1258058,614.2861328125,8,-1
1258586,614.5439453125,138,left
1258701,614.60009765625,148,left
1258841,614.66845703125,138,left
1258986,614.7392578125,148,left
1259285,614.88525390625,138,right
1259323,614.90380859375,138,left
1259381,614.93212890625,148,left
1259399,614.94091796875,120,-1
1259688,615.08203125,148,right
1260935,615.69091796875,138,right
1261024,615.734375,148,right
1272223,621.20263671875,16.0,-1.0
1272897,621.53173828125,138,right
1273028,621.595703125,112.0,-1.0
1273186,621.6728515625,148,right
1279016,624.51953125,4,-1
1279763,624.88427734375,138,left
1279908,624.955078125,60,-1
1280056,625.02734375,148,left
1292532,631.119140625,16.0,-1.0
1293091,631.39208984375,138,right
1293237,631.46337890625,112.0,-1.0
1293360,631.5234375,148,right
1294061,631.86572265625,192.0,-1.0
1298890,634.2236328125,138,left
1299005,634.27978515625,148,left
1299222,634.3857421875,8,-1
1299874,634.7041015625,138,right
1299954,634.7431640625,120,-1
1300213,634.86962890625,148,right
1300778,635.1455078125,192,-1
1320180,644.619140625,16.0,-1.0
1320566,644.8076171875,138,right
1320704,644.875,148,right
1320774,644.9091796875,138,right
1320873,644.95751953125,112.0,-1.0
1321013,645.02587890625,148,right
1321697,645.35986328125,192.0,-1.0
1326870,647.8857421875,8,-1
1327433,648.16064453125,138,right
1327567,648.22607421875,120,-1
1327753,648.31689453125,148,right
1328391,648.62841796875,192,-1
1329637,649.23681640625,138,left
1329669,649.25244140625,148,left
1340386,654.4853515625,8.0,-1.0
1340932,654.751953125,138,right
1341075,654.82177734375,120.0,-1.0
1341212,654.888671875,148,right
1341899,655.22412109375,192.0,-1.0
1347076,657.751953125,8.0,-1.0
1347572,657.994140625,138,right
1347770,658.0908203125,120.0,-1.0
1347810,658.1103515625,148,right
1347855,658.13232421875,138,right
1347988,658.197265625,148,right
1348235,658.31787109375,138,right
1348275,658.33740234375,148,right
1348593,658.49267578125,138,right
1348594,658.4931640625,192.0,-1.0
1348716,658.552734375,148,right
1353766,661.0185546875,8.0,-1.0
1354427,661.34130859375,138,right
1354536,661.39453125,120.0,-1.0
1354699,661.47412109375,148,right
1355360,661.796875,192.0,-1.0
1360525,664.31884765625,4,-1
1361143,664.62060546875,138,left
1361251,664.67333984375,148,left
1361354,664.7236328125,138,left
1361481,664.78564453125,60,-1
1361708,664.896484375,148,left
1361855,664.96826171875,138,left
1361996,665.037109375,148,left
1367488,667.71875,8.0,-1.0
1368279,668.10498046875,138,right
1368457,668.19189453125,120.0,-1.0
1368571,668.24755859375,148,right
1368624,668.2734375,138,right
1368683,668.30224609375,148,right
1374451,671.11865234375,4,-1
1375554,671.6572265625,138,left
1375673,671.71533203125,148,left
1375687,671.72216796875,60,-1
1375718,671.7373046875,138,left
1375908,671.830078125,148,left
1381687,674.65185546875,16.0,-1.0
1382572,675.083984375,138,right
1382660,675.126953125,112.0,-1.0
1382923,675.25537109375,148,right
1388650,678.0517578125,4,-1
1389334,678.3857421875,138,right
1389400,678.41796875,148,right
1389403,678.41943359375,138,left
1389588,678.509765625,60,-1
1389859,678.64208984375,148,left
1390030,678.7255859375,138,right
1390117,678.76806640625,148,right
1395579,681.43505859375,8.0,-1.0
1396164,681.720703125,138,right
1396304,681.7890625,120.0,-1.0
1396454,681.8623046875,148,right
1397129,682.19189453125,192.0,-1.0
1402303,684.71826171875,16.0,-1.0
1402704,684.9140625,138,right
1402833,684.97705078125,112.0,-1.0
1403023,685.06982421875,148,right
1403657,685.37939453125,192.0,-1.0
1408823,687.90185546875,8.0,-1.0
1409411,688.18896484375,138,right
1409504,688.234375,120.0,-1.0
1409763,688.36083984375,148,right
1410328,688.63671875,192.0,-1.0
1415513,691.16845703125,16.0,-1.0
1415921,691.36767578125,138,right
1416031,691.42138671875,112.0,-1.0
1416230,691.5185546875,148,right
1416855,691.82373046875,192.0,-1.0
1422032,694.3515625,4,-1
1422907,694.77880859375,138,left
1423015,694.83154296875,60,-1
1423202,694.9228515625,148,left
1423916,695.271484375,138,left
1423968,695.296875,148,left
1425047,695.82373046875,138,left
1425083,695.84130859375,148,left
1428995,697.75146484375,8.0,-1.0
1429709,698.10009765625,138,right
1429805,698.14697265625,120.0,-1.0
1429993,698.23876953125,148,right
1430629,698.54931640625,192.0,-1.0
1435822,701.0849609375,16.0,-1.0
1436337,701.33642578125,138,right
1436443,701.38818359375,112.0,-1.0
1436597,701.46337890625,148,right
1437267,701.79052734375,192.0,-1.0
1456369,711.11767578125,8,-1
1456761,711.30908203125,138,left
1456852,711.353515625,148,left
1456911,711.38232421875,138,right
1457023,711.43701171875,148,right
1457117,711.48291015625,138,right
1457198,711.5224609375,120,-1
1457259,711.55224609375,148,right
1457289,711.56689453125,138,right
1457484,711.662109375,148,right
1463196,714.451171875,8.0,-1.0
1463725,714.70947265625,138,right
1463827,714.75927734375,120.0,-1.0
1464048,714.8671875,148,right
1464651,715.16162109375,192.0,-1.0
1469818,717.6845703125,16.0,-1.0
1470185,717.86376953125,138,right
1470288,717.9140625,112.0,-1.0
1470492,718.013671875,148,right
1471112,718.31640625,192.0,-1.0
1489649,727.36767578125,4,-1
1490462,727.7646484375,138,left
1490479,727.77294921875,138,right
1490509,727.78759765625,148,right
1490577,727.82080078125,148,left
1490620,727.841796875,60,-1
1490634,727.8486328125,138,left
1490867,727.96240234375,148,left
1503370,734.0673828125,4,-1
1504059,734.40380859375,138,right
1504156,734.451171875,124,-1
1504178,734.4619140625,148,right
1504365,734.55322265625,138,right
1504421,734.58056640625,148,right
1504553,734.64501953125,138,left
1504639,734.68701171875,148,left
1504684,734.708984375,138,left
1504863,734.79638671875,148,left
1505268,734.994140625,138,left
1505402,735.0595703125,148,left
1510163,737.38427734375,4,-1
1511083,737.83349609375,138,left
1511174,737.8779296875,60,-1
1511396,737.986328125,148,left
1517160,740.80078125,4,-1
1517666,741.0478515625,138,left
1517800,741.11328125,60,-1
1517980,741.201171875,148,left
1518624,741.515625,192,-1
1523816,744.05078125,4,-1
1524472,744.37109375,138,left
1524581,744.42431640625,60,-1
1524851,744.55615234375,148,left
1525405,744.82666015625,192,-1
1530574,747.3505859375,16.0,-1.0
1531281,747.69580078125,138,right
1531401,747.75439453125,112.0,-1.0
1531655,747.87841796875,148,right
1532225,748.15673828125,192.0,-1.0
1537401,750.68408203125,16.0,-1.0
1538390,751.1669921875,138,right
1538503,751.22216796875,112.0,-1.0
1538747,751.34130859375,148,right
1544500,754.150390625,16.0,-1.0
1544947,754.36865234375,138,right
1545123,754.45458984375,112.0,-1.0
1545323,754.55224609375,148,right
1545947,754.85693359375,192.0,-1.0
1546059,754.91162109375,138,right
1546081,754.92236328125,148,right
1551122,757.3837890625,16.0,-1.0
1551400,757.51953125,138,right
1551592,757.61328125,148,right
1551640,757.63671875,138,right
1551683,757.65771484375,112.0,-1.0
1551965,757.79541015625,148,right
1552507,758.06005859375,192.0,-1.0
1564502,763.9169921875,4,-1
1565003,764.16162109375,138,right
1565090,764.2041015625,148,right
1565315,764.31396484375,138,right
1565391,764.35107421875,148,right
1565507,764.40771484375,138,left
1565654,764.4794921875,60,-1
1565913,764.60595703125,148,left
1571636,767.400390625,16.0,-1.0
1572141,767.64697265625,138,right
1572270,767.7099609375,112.0,-1.0
1572438,767.7919921875,148,right
1573094,768.1123046875,192.0,-1.0
1703059,831.57177734375,138,left
1703126,831.6044921875,148,left
1703457,831.76611328125,8,-1
1704015,832.03857421875,138,left
1704104,832.08203125,148,left
1704133,832.09619140625,138,left
1704204,832.130859375,56,-1
1704316,832.185546875,148,left
1704479,832.26513671875,138,right
1704531,832.29052734375,148,right
1704625,832.33642578125,138,right
1704979,832.50927734375,148,right
1705321,832.67626953125,138,right
1705350,832.6904296875,148,right
1710215,835.06591796875,8.0,-1.0
1710799,835.35107421875,138,right
1710914,835.4072265625,120.0,-1.0
1711176,835.53515625,148,right
1716905,838.33251953125,4,-1
1717522,838.6337890625,138,left
1717682,838.7119140625,60,-1
1717801,838.77001953125,148,left
1717830,838.7841796875,138,left
1717972,838.853515625,148,left
1723663,841.63232421875,8.0,-1.0
1724391,841.98779296875,138,right
1724521,842.05126953125,120.0,-1.0
1724749,842.16259765625,148,right
1730524,844.982421875,16.0,-1.0
1730942,845.1865234375,138,right
1731111,845.26904296875,112.0,-1.0
1731276,845.349609375,148,right
1737112,848.19921875,4,-1
1737759,848.51513671875,138,left
1737910,848.5888671875,60,-1
1738098,848.6806640625,148,left
1743904,851.515625,4,-1
1744520,851.81640625,138,right
1744665,851.88720703125,124,-1
1744784,851.9453125,148,right
1745441,852.26611328125,138,left
1745832,852.45703125,148,left
1745901,852.49072265625,138,left
1745989,852.53369140625,148,left
1757967,858.38232421875,8.0,-1.0
1758693,858.73681640625,138,right
1758819,858.79833984375,120.0,-1.0
1759053,858.91259765625,148,right
1759258,859.0126953125,138,right
1759280,859.0234375,148,right
1764827,861.73193359375,8.0,-1.0
1765493,862.05712890625,138,right
1765599,862.10888671875,120.0,-1.0
1765771,862.19287109375,148,right
1785239,871.69873046875,16.0,-1.0
1785783,871.96435546875,138,right
1785815,871.97998046875,148,right
1785874,872.0087890625,138,right
1785982,872.0615234375,112.0,-1.0
1786179,872.15771484375,148,right
1786210,872.1728515625,138,right
1786246,872.1904296875,148,right
1791963,874.98193359375,4,-1
1792638,875.3115234375,138,left
1792808,875.39453125,60,-1
1793009,875.49267578125,148,left
1793360,875.6640625,138,left
1793394,875.6806640625,148,left
1819269,888.31494140625,16.0,-1.0
1819901,888.62353515625,138,right
1820016,888.6796875,112.0,-1.0
1820216,888.77734375,148,right
1826027,891.61474609375,8.0,-1.0
1826620,891.904296875,138,right
1826762,891.9736328125,120.0,-1.0
1826941,892.06103515625,148,right
1832752,894.8984375,8.0,-1.0
1833155,895.09521484375,138,right
1833291,895.16162109375,148,right
1833343,895.18701171875,138,right
1833443,895.23583984375,120.0,-1.0
1833677,895.35009765625,148,right
1839442,898.1650390625,16.0,-1.0
1839997,898.43603515625,138,right
1840236,898.552734375,112.0,-1.0
1840317,898.59228515625,148,right
1840348,898.607421875,138,right
1840520,898.69140625,148,right
1841061,898.95556640625,192.0,-1.0
1846234,901.4814453125,8,-1
1846890,901.8017578125,138,right
1847046,901.8779296875,148,right
1847077,901.89306640625,138,right
1847119,901.91357421875,120,-1
1847201,901.95361328125,148,right
1849087,902.87451171875,138,left
1849117,902.88916015625,148,left
1860024,908.21484375,8,-1
1860524,908.458984375,138,right
1860648,908.51953125,120,-1
1860661,908.52587890625,148,right
1860714,908.5517578125,138,right
1860888,908.63671875,148,right
1861472,908.921875,192,-1
1862568,909.45703125,138,right
1862606,909.4755859375,138,left
1862719,909.53076171875,148,right
1862751,909.54638671875,148,left
1862841,909.59033203125,138,left
1862936,909.63671875,148,left
1866645,911.44775390625,8.0,-1.0
1867139,911.68896484375,138,right
1867286,911.7607421875,120.0,-1.0
1867359,911.79638671875,148,right
1868110,912.1630859375,192.0,-1.0
1880230,918.0810546875,8,-1
1880929,918.42236328125,138,left
1881056,918.484375,148,left
1881485,918.69384765625,138,right
1881611,918.75537109375,120,-1
1881821,918.85791015625,148,right
1887603,921.68115234375,4,-1
1888331,922.03662109375,138,left
1888509,922.12353515625,148,left
1888623,922.17919921875,138,left
1888668,922.201171875,60,-1
1888739,922.23583984375,148,left
1894668,925.130859375,8.0,-1.0
1895065,925.32470703125,138,right
1895134,925.3583984375,148,right
1895217,925.39892578125,138,right
1895303,925.44091796875,120.0,-1.0
1895432,925.50390625,148,right
1895472,925.5234375,138,right
1895519,925.54638671875,148,right
1896128,925.84375,192.0,-1.0
1908219,931.74755859375,16.0,-1.0
1908754,932.0087890625,138,right
1908898,932.0791015625,112.0,-1.0
1909100,932.177734375,148,right
1909722,932.4814453125,192.0,-1.0
1914909,935.01416015625,4,-1
1915690,935.3955078125,138,left
1915837,935.46728515625,60,-1
1916028,935.560546875,148,left
1917299,936.18115234375,138,left
1917394,936.2275390625,148,left
1929006,941.8974609375,4,-1
1929633,942.20361328125,138,left
1929828,942.298828125,60,-1
1930000,942.3828125,148,left
1930173,942.46728515625,138,left
1930201,942.48095703125,148,left
1930652,942.701171875,192,-1
1935833,945.23095703125,16.0,-1.0
1936376,945.49609375,138,right
1936536,945.57421875,112.0,-1.0
1936671,945.64013671875,148,right
1937360,945.9765625,192.0,-1.0
1942523,948.49755859375,8.0,-1.0
1943047,948.75341796875,138,right
1943215,948.83544921875,120.0,-1.0
1943395,948.92333984375,148,right
1944039,949.23779296875,192.0,-1.0
1949213,951.76416015625,4,-1
1949771,952.03662109375,138,right
1949817,952.05908203125,148,right
1949928,952.11328125,138,left
1950112,952.203125,60,-1
1950236,952.263671875,148,left
1950279,952.28466796875,138,left
1950339,952.31396484375,148,left
1956107,955.13037109375,4,-1
1956902,955.5185546875,138,left
1957024,955.578125,60,-1
1957209,955.66845703125,148,left
1957645,955.88134765625,138,left
1957681,955.89892578125,148,left
1963036,958.513671875,8.0,-1.0
1963710,958.8427734375,138,right
1963872,958.921875,120.0,-1.0
1963967,958.96826171875,148,right
1969863,961.84716796875,4,-1
1970432,962.125,138,left
1970601,962.20751953125,60,-1
1970733,962.27197265625,148,left
1970781,962.29541015625,138,left
1970907,962.35693359375,148,left
1971177,962.48876953125,138,left
1971262,962.5302734375,148,left
1971425,962.60986328125,192,-1
1976587,965.13037109375,4,-1
1977306,965.4814453125,138,right
1977402,965.5283203125,148,right
1977777,965.71142578125,138,left
1977892,965.767578125,60,-1
1978106,965.8720703125,148,left
1983892,968.697265625,4,-1
1984867,969.17333984375,138,left
1984960,969.21875,60,-1
1985154,969.3134765625,148,left
1986560,970.0,138,right
1986586,970.0126953125,148,right
1990957,972.14697265625,16.0,-1.0
1991467,972.39599609375,138,right
1991624,972.47265625,112.0,-1.0
1991729,972.52392578125,148,right
1992448,972.875,192.0,-1.0
1997613,975.39697265625,8.0,-1.0
1998245,975.70556640625,138,right
1998329,975.74658203125,148,right
1998359,975.76123046875,120.0,-1.0
1998361,975.76220703125,138,right
1998511,975.83544921875,148,right
1999183,976.16357421875,192.0,-1.0
2004371,978.69677734375,16.0,-1.0
2004912,978.9609375,138,right
2005078,979.0419921875,112.0,-1.0
2005302,979.1513671875,148,right
2005902,979.4443359375,192.0,-1.0
2017956,985.330078125,4,-1
2018055,985.37841796875,138,left
2018168,985.43359375,148,left
2018792,985.73828125,138,left
2018929,985.80517578125,60,-1
2019174,985.9248046875,148,left
2031712,992.046875,16,-1
2032544,992.453125,138,right
2032641,992.50048828125,112,-1
2032894,992.6240234375,148,right
2033498,992.9189453125,138,left
2033531,992.93505859375,148,left
2038641,995.43017578125,16.0,-1.0
2039524,995.861328125,138,right
2039651,995.92333984375,112.0,-1.0
2039905,996.04736328125,148,right
2041088,996.625,138,right
2041203,996.68115234375,148,right
2045638,998.8466796875,16.0,-1.0
2046345,999.19189453125,138,right
2046398,999.2177734375,148,right
2046549,999.29150390625,138,right
2046650,999.3408203125,112.0,-1.0
2046906,999.4658203125,148,right
2046958,999.4912109375,138,right
2047064,999.54296875,148,right
2052635,1002.26318359375,16.0,-1.0
2053152,1002.515625,138,right
2053328,1002.6015625,112.0,-1.0
2053606,1002.7373046875,148,right
2054152,1003.00390625,192.0,-1.0
2059325,1005.52978515625,16.0,-1.0
2059908,1005.814453125,138,right
2060034,1005.8759765625,112.0,-1.0
2060255,1005.98388671875,148,right
2060858,1006.2783203125,192.0,-1.0
2066049,1008.81298828125,4,-1
2066740,1009.150390625,138,left
2066914,1009.2353515625,60,-1
2067030,1009.2919921875,148,left
2072910,1012.1630859375,8.0,-1.0
2073740,1012.568359375,138,right
2073817,1012.60595703125,148,right
2073876,1012.634765625,138,right
2073922,1012.6572265625,120.0,-1.0
2074147,1012.76708984375,148,right
2079907,1015.57958984375,16.0,-1.0
2080485,1015.86181640625,138,right
2080637,1015.93603515625,112.0,-1.0
2080856,1016.04296875,148,right
2081461,1016.33837890625,192.0,-1.0
2093458,1022.1962890625,4,-1
2093745,1022.33642578125,138,right
2093883,1022.40380859375,148,right
2094278,1022.5966796875,138,left
2094411,1022.66162109375,60,-1
2094602,1022.7548828125,148,left
2100421,1025.59619140625,16.0,-1.0
2101119,1025.93701171875,138,right
2101208,1025.98046875,112.0,-1.0
2101416,1026.08203125,148,right
2102032,1026.3828125,192.0,-1.0
2114552,1032.49609375,4,-1
2115449,1032.93408203125,138,right
2115474,1032.9462890625,148,right
2115813,1033.11181640625,138,left
2115925,1033.16650390625,60,-1
2115951,1033.17919921875,148,left
2116018,1033.2119140625,138,left
2116163,1033.28271484375,148,left
2116209,1033.30517578125,138,left
2116328,1033.36328125,148,left
2116365,1033.38134765625,138,left
2116518,1033.4560546875,148,left
2116637,1033.51416015625,138,left
2116683,1033.53662109375,148,left
2121924,1036.095703125,16.0,-1.0
2122367,1036.31201171875,138,right
2122523,1036.38818359375,112.0,-1.0
2122770,1036.5087890625,148,right
2123348,1036.791015625,192.0,-1.0
2360956,1152.810546875,16.0,-1.0
2361554,1153.1025390625,138,right
2361641,1153.14501953125,112.0,-1.0
2361780,1153.212890625,148,right
2361821,1153.23291015625,138,right
2361885,1153.26416015625,148,right
2362686,1153.6552734375,138,right
2362789,1153.70556640625,148,right
2367646,1156.0771484375,16.0,-1.0
2368376,1156.43359375,138,right
2368469,1156.47900390625,112.0,-1.0
2368723,1156.60302734375,148,right
2374473,1159.41064453125,8.0,-1.0
2375096,1159.71484375,138,right
2375196,1159.763671875,120.0,-1.0
2375288,1159.80859375,148,right
2375361,1159.84423828125,138,right
2375426,1159.8759765625,148,right
2381197,1162.69384765625,8.0,-1.0
2381698,1162.9384765625,138,right
2381804,1162.990234375,120.0,-1.0
2381999,1163.08544921875,148,right
2387819,1165.92724609375,8.0,-1.0
2388390,1166.2060546875,138,right
2388475,1166.24755859375,120.0,-1.0
2388692,1166.353515625,148,right
2394475,1169.17724609375,4,-1
2395137,1169.50048828125,138,left
2395345,1169.60205078125,60,-1
2395498,1169.6767578125,148,left
2401335,1172.52685546875,4,-1
2402043,1172.87255859375,138,left
2402168,1172.93359375,148,left
2402596,1173.142578125,138,left
2402682,1173.1845703125,60,-1
2402948,1173.314453125,148,left
2408674,1176.1103515625,8.0,-1.0
2409322,1176.4267578125,138,right
2409403,1176.46630859375,120.0,-1.0
2409670,1176.5966796875,148,right
2415398,1179.3935546875,4,-1
2416174,1179.7724609375,138,left
2416353,1179.85986328125,60,-1
2416507,1179.93505859375,148,left
2418278,1180.7998046875,138,left
2418434,1180.8759765625,148,left
2422361,1182.79345703125,8.0,-1.0
2423047,1183.12841796875,138,right
2423148,1183.177734375,120.0,-1.0
2423284,1183.244140625,148,right
2423319,1183.26123046875,138,right
2423372,1183.287109375,148,right
2429154,1186.1103515625,8.0,-1.0
2429715,1186.38427734375,138,right
2429825,1186.43798828125,120.0,-1.0
2429963,1186.50537109375,148,right
2430025,1186.53564453125,138,right
2430108,1186.576171875,148,right
2442431,1192.59326171875,4,-1
2443227,1192.98193359375,138,left
2443419,1193.07568359375,60,-1
2443578,1193.1533203125,148,left
2449428,1196.009765625,8.0,-1.0
2450131,1196.35302734375,138,right
2450187,1196.38037109375,120.0,-1.0
2450323,1196.44677734375,148,right
2450364,1196.466796875,138,right
2450443,1196.50537109375,148,right
2456187,1199.31005859375,16.0,-1.0
2456812,1199.615234375,138,right
2456924,1199.669921875,112.0,-1.0
2457144,1199.77734375,148,right
2462911,1202.59326171875,16.0,-1.0
2463351,1202.80810546875,138,right
2463485,1202.87353515625,112.0,-1.0
2463580,1202.919921875,148,right
2463696,1202.9765625,138,right
2463750,1203.0029296875,148,right
2476291,1209.12646484375,8.0,-1.0
2477095,1209.51904296875,138,right
2477165,1209.55322265625,120.0,-1.0
2477228,1209.583984375,148,right
2477260,1209.599609375,138,right
2477388,1209.662109375,148,right
2483152,1212.4765625,4,-1
2483767,1212.77685546875,138,left
2483896,1212.83984375,60,-1
2484006,1212.8935546875,148,left
2489910,1215.7763671875,16,-1
2490473,1216.05126953125,138,right
2490569,1216.09814453125,112,-1
2490641,1216.13330078125,148,right
2490688,1216.15625,138,right
2490789,1216.20556640625,148,right
2491822,1216.7099609375,138,left
2491855,1216.72607421875,148,left
2496566,1219.0263671875,16.0,-1.0
2497269,1219.36962890625,138,right
2497359,1219.41357421875,148,right
2497380,1219.423828125,112.0,-1.0
2497389,1219.42822265625,138,right
2497587,1219.52490234375,148,right
2503392,1222.359375,16.0,-1.0
2503936,1222.625,138,right
2504036,1222.673828125,112.0,-1.0
2504088,1222.69921875,148,right
2504861,1223.07666015625,192.0,-1.0
2510048,1225.609375,4,-1
2510748,1225.951171875,138,left
2510905,1226.02783203125,60,-1
2511081,1226.11376953125,148,left
2523565,1232.20947265625,8.0,-1.0
2524285,1232.56103515625,138,right
2524398,1232.6162109375,120.0,-1.0
2524633,1232.73095703125,148,right
2530391,1235.54248046875,8.0,-1.0
2530932,1235.806640625,138,right
2531120,1235.8984375,120.0,-1.0
2531196,1235.935546875,148,right
2531945,1236.30126953125,192.0,-1.0
2537116,1238.826171875,16.0,-1.0
2537750,1239.1357421875,138,right
2537852,1239.185546875,112.0,-1.0
2537923,1239.22021484375,148,right
2538037,1239.27587890625,138,right
2538089,1239.30126953125,148,right
2538677,1239.58837890625,192.0,-1.0
2543840,1242.109375,8,-1
2544116,1242.244140625,138,left
2544259,1242.31396484375,148,left
2544299,1242.33349609375,138,left
2544389,1242.37744140625,148,left
2544491,1242.42724609375,138,right
2544577,1242.46923828125,148,right
2544668,1242.513671875,138,left
2544695,1242.52685546875,138,right
2544761,1242.55908203125,148,left
2544766,1242.5615234375,120,-1
2544823,1242.58935546875,148,right
2544855,1242.60498046875,138,right
2545034,1242.6923828125,148,right
2557561,1248.80908203125,8,-1
2558212,1249.126953125,138,left
2558332,1249.185546875,148,left
2558443,1249.23974609375,138,right
2558528,1249.28125,120,-1
2558761,1249.39501953125,148,right
2559967,1249.98388671875,138,right
2559994,1249.9970703125,148,right
2564524,1252.208984375,16.0,-1.0
2564970,1252.4267578125,138,right
2565117,1252.49853515625,112.0,-1.0
2565348,1252.611328125,148,right
2565942,1252.9013671875,192.0,-1.0
2584765,1262.09228515625,16,-1
2585464,1262.43359375,138,right
2585594,1262.4970703125,112,-1
2585727,1262.56201171875,148,right
2585790,1262.5927734375,138,right
2585824,1262.609375,148,right
2586948,1263.158203125,138,left
2586986,1263.1767578125,148,left
2591591,1265.42529296875,8.0,-1.0
2592246,1265.7451171875,138,right
2592366,1265.8037109375,120.0,-1.0
2592454,1265.8466796875,148,right
2592488,1265.86328125,138,right
2592577,1265.90673828125,148,right
2593191,1266.20654296875,192.0,-1.0
2598384,1268.7421875,4,-1
2599028,1269.056640625,138,left
2599211,1269.14599609375,60,-1
2599293,1269.18603515625,148,left
2605210,1272.0751953125,4,-1
2606171,1272.54443359375,138,left
2606313,1272.61376953125,148,left
2606358,1272.6357421875,138,left
2606428,1272.669921875,60,-1
2606716,1272.810546875,148,left
2612412,1275.591796875,4,-1
2612958,1275.8583984375,138,left
2613148,1275.951171875,60,-1
2613206,1275.9794921875,148,left
2613973,1276.35400390625,192,-1
2619137,1278.87548828125,16,-1
2619544,1279.07421875,138,right
2619605,1279.10400390625,138,left
2619732,1279.166015625,148,left
2619736,1279.16796875,112,-1
2619868,1279.232421875,148,right
2620561,1279.57080078125,192,-1
2625724,1282.091796875,4,-1
2626222,1282.3349609375,138,right
2626274,1282.3603515625,148,right
2626641,1282.53955078125,138,left
2626792,1282.61328125,60,-1
2627044,1282.736328125,148,left
2632790,1285.5419921875,16.0,-1.0
2633251,1285.76708984375,138,right
2633376,1285.828125,112.0,-1.0
2633487,1285.88232421875,148,right
2634201,1286.23095703125,192.0,-1.0
2646204,1292.091796875,4,-1
2646409,1292.19189453125,138,right
2646432,1292.203125,148,right
2646903,1292.43310546875,138,left
2647046,1292.5029296875,60,-1
2647166,1292.5615234375,148,left
2660028,1298.841796875,4,-1
2660753,1299.19580078125,138,left
2660847,1299.24169921875,60,-1
2660881,1299.25830078125,148,left
2660909,1299.27197265625,138,left
2661054,1299.3427734375,148,left
2666854,1302.1748046875,4,-1
2667550,1302.5146484375,138,left
2667716,1302.595703125,60,-1
2667718,1302.5966796875,148,left
2667774,1302.6240234375,138,left
2667934,1302.7021484375,148,left
2673715,1305.52490234375,8.0,-1.0
2674410,1305.8642578125,138,right
2674510,1305.9130859375,120.0,-1.0
2674644,1305.978515625,148,right
2675335,1306.31591796875,192.0,-1.0
2687402,1312.2080078125,8.0,-1.0
2688177,1312.58642578125,138,right
2688299,1312.64599609375,120.0,-1.0
2688403,1312.69677734375,148,right
2689365,1313.16650390625,138,right
2689370,1313.1689453125,148,right
2701021,1318.85791015625,16.0,-1.0
2701861,1319.26806640625,138,right
2701983,1319.32763671875,148,right
2702012,1319.341796875,112.0,-1.0
2702028,1319.349609375,138,right
2702203,1319.43505859375,148,right
2708018,1322.2744140625,8.0,-1.0
2708612,1322.564453125,138,right
2708782,1322.6474609375,120.0,-1.0
2708875,1322.69287109375,148,right
2709607,1323.05029296875,192.0,-1.0
2714777,1325.57470703125,16.0,-1.0
2715236,1325.798828125,138,right
2715366,1325.8623046875,112.0,-1.0
2715583,1325.96826171875,148,right
2716191,1326.26513671875,192.0,-1.0
2717122,1326.7197265625,138,right
2717205,1326.76025390625,148,right
2728054,1332.0576171875,16,-1
2728130,1332.0947265625,138,left
2728168,1332.11328125,148,left
2728606,1332.3271484375,138,right
2728685,1332.36572265625,148,right
2728876,1332.458984375,138,right
2729027,1332.53271484375,112,-1
2729231,1332.63232421875,148,right
2735017,1335.45751953125,4,-1
2735777,1335.82861328125,138,left
2735880,1335.87890625,60,-1
2736087,1335.97998046875,148,left
2769218,1352.1572265625,4,-1
2769951,1352.51513671875,138,left
2770028,1352.552734375,60,-1
2770328,1352.69921875,148,left
2770853,1352.95556640625,192,-1
2771569,1353.30517578125,138,left
2771643,1353.34130859375,148,left
2776045,1355.49072265625,16,-1
2776656,1355.7890625,138,left
2776748,1355.833984375,148,left
2776999,1355.95654296875,138,left
2777060,1355.986328125,138,right
2777106,1356.0087890625,148,left
2777154,1356.0322265625,112,-1
2777493,1356.19775390625,148,right
2783145,1358.95751953125,4,-1
2783889,1359.32080078125,138,left
2784064,1359.40625,60,-1
2784186,1359.4658203125,148,left
2784294,1359.5185546875,138,left
2784323,1359.53271484375,148,left
2785585,1360.14892578125,138,right
2785688,1360.19921875,148,right
2856428,1394.740234375,8.0,-1.0
2857236,1395.134765625,138,right
2857346,1395.1884765625,120.0,-1.0
2857514,1395.2705078125,148,right
2863357,1398.12353515625,4,-1
2864007,1398.44091796875,138,left
2864200,1398.53515625,60,-1
2864283,1398.57568359375,148,left
2864366,1398.6162109375,138,left
2864432,1398.6484375,148,left
2870183,1401.45654296875,8.0,-1.0
2870697,1401.70751953125,138,right
2870820,1401.767578125,120.0,-1.0
2870948,1401.830078125,148,right
2876805,1404.68994140625,4,-1
2877551,1405.05419921875,138,left
2877692,1405.123046875,60,-1
2877830,1405.1904296875,148,left
2877869,1405.20947265625,138,left
2877984,1405.265625,148,left
2883700,1408.056640625,4,-1
2884660,1408.525390625,138,left
2884749,1408.56884765625,60,-1
2884809,1408.59814453125,148,left
2884838,1408.6123046875,138,left
2884989,1408.68603515625,148,left
2890731,1411.48974609375,8.0,-1.0
2891296,1411.765625,138,right
2891437,1411.83447265625,120.0,-1.0
2891633,1411.93017578125,148,right
2897421,1414.75634765625,8.0,-1.0
2897924,1415.001953125,138,right
2898029,1415.05322265625,120.0,-1.0
2898147,1415.11083984375,148,right
2904043,1417.98974609375,8.0,-1.0
2904763,1418.34130859375,138,right
2904849,1418.38330078125,120.0,-1.0
2905047,1418.47998046875,148,right
2910835,1421.30615234375,16.0,-1.0
2911417,1421.59033203125,138,right
2911565,1421.66259765625,112.0,-1.0
2911666,1421.7119140625,148,right
2917559,1424.58935546875,16.0,-1.0
2918125,1424.86572265625,138,right
2918246,1424.9248046875,112.0,-1.0
2918348,1424.974609375,148,right
2924249,1427.85595703125,8.0,-1.0
2924806,1428.1279296875,138,right
2924898,1428.1728515625,120.0,-1.0
2925061,1428.25244140625,148,right
2944490,1437.7392578125,8,-1
2945140,1438.056640625,138,right
2945170,1438.0712890625,138,left
2945212,1438.091796875,148,left
2945247,1438.10888671875,120,-1
2945311,1438.14013671875,148,right
2958041,1444.35595703125,4,-1
2958859,1444.75537109375,138,left
2959030,1444.8388671875,60,-1
2959161,1444.90283203125,148,left
2971728,1451.0390625,4,-1
2972396,1451.365234375,138,left
2972557,1451.44384765625,60,-1
2972711,1451.51904296875,148,left
2972754,1451.5400390625,138,left
2972857,1451.59033203125,148,left
2978555,1454.37255859375,8.0,-1.0
2979376,1454.7734375,138,right
2979512,1454.83984375,120.0,-1.0
2979596,1454.880859375,148,right
2985518,1457.7724609375,4,-1
2986409,1458.20751953125,138,left
2986566,1458.2841796875,60,-1
2986747,1458.37255859375,148,left
2999888,1464.7890625,8.0,-1.0
3000628,1465.150390625,138,right
3000734,1465.2021484375,120.0,-1.0
3000868,1465.267578125,148,right
3000918,1465.2919921875,138,right
3000992,1465.328125,148,right
3006748,1468.138671875,8.0,-1.0
3007300,1468.408203125,138,right
3007469,1468.49072265625,148,right
3007587,1468.54833984375,138,right
3007690,1468.5986328125,120.0,-1.0
3007915,1468.70849609375,148,right
3007991,1468.74560546875,138,right
3008044,1468.771484375,148,right
3008364,1468.927734375,138,right
3008472,1468.98046875,148,right
3009732,1469.595703125,138,right
3009755,1469.60693359375,148,right
3013677,1471.52197265625,16.0,-1.0
3014223,1471.78857421875,138,right
3014388,1471.869140625,112.0,-1.0
3014499,1471.92333984375,148,right
3015213,1472.27197265625,192.0,-1.0
3033884,1481.388671875,16.0,-1.0
3034520,1481.69921875,138,right
3034649,1481.76220703125,112.0,-1.0
3034889,1481.87939453125,148,right
3035474,1482.1650390625,192.0,-1.0
3040642,1484.6884765625,16.0,-1.0
3041145,1484.93408203125,138,right
3041251,1484.98583984375,112.0,-1.0
3041404,1485.060546875,148,right
3042076,1485.388671875,192.0,-1.0
3047264,1487.921875,8.0,-1.0
3047971,1488.26708984375,138,right
3048106,1488.3330078125,120.0,-1.0
3048223,1488.39013671875,148,right
3048539,1488.54443359375,138,right
3048569,1488.55908203125,148,right
3054091,1491.25537109375,4,-1
3054832,1491.6171875,138,left
3054968,1491.68359375,60,-1
3055107,1491.75146484375,148,left
3060951,1494.60498046875,16,-1
3061942,1495.0888671875,138,right
3062092,1495.162109375,112,-1
3062196,1495.212890625,148,right
3062933,1495.57275390625,138,left
3062960,1495.5859375,148,left
3068085,1498.08837890625,4,-1
3068690,1498.3837890625,138,right
3068749,1498.41259765625,148,right
3068827,1498.45068359375,138,right
3068933,1498.50244140625,148,right
3068941,1498.50634765625,124,-1
3069745,1498.89892578125,138,left
3069840,1498.9453125,148,left
3074946,1501.4384765625,8.0,-1.0
3075424,1501.671875,138,right
3075574,1501.7451171875,120.0,-1.0
3075627,1501.77099609375,148,right
3076261,1502.08056640625,138,right
3076386,1502.1416015625,148,right
3076399,1502.14794921875,192.0,-1.0
3081567,1504.67138671875,16.0,-1.0
3082198,1504.9794921875,138,right
3082381,1505.06884765625,112.0,-1.0
3082473,1505.11376953125,148,right
3083206,1505.4716796875,192.0,-1.0
3088394,1508.0048828125,4,-1
3089338,1508.4658203125,138,left
3089456,1508.5234375,60,-1
3089614,1508.6005859375,148,left
3095459,1511.45458984375,16.0,-1.0
3096122,1511.7783203125,138,right
3096279,1511.85498046875,112.0,-1.0
3096374,1511.9013671875,148,right
3097104,1512.2578125,192.0,-1.0
3109181,1518.15478515625,4,-1
3109512,1518.31640625,138,right
3109620,1518.369140625,148,right
3110068,1518.587890625,138,left
3110253,1518.67822265625,60,-1
3110437,1518.76806640625,148,left
3116246,1521.6044921875,16.0,-1.0
3116448,1521.703125,138,right
3116556,1521.755859375,148,right
3116782,1521.8662109375,138,right
3116898,1521.9228515625,112.0,-1.0
3117045,1521.99462890625,148,right
3117428,1522.181640625,138,right
3117450,1522.1923828125,148,right
3117640,1522.28515625,138,right
3117696,1522.3125,148,right
3117723,1522.32568359375,192.0,-1.0
3118079,1522.49951171875,138,right
3118187,1522.55224609375,148,right
3118569,1522.73876953125,138,right
3118606,1522.7568359375,148,right
3122902,1524.8544921875,16.0,-1.0
3123429,1525.11181640625,138,right
3123525,1525.15869140625,112.0,-1.0
3123646,1525.2177734375,148,right
3124350,1525.5615234375,192.0,-1.0
3129524,1528.087890625,4,-1
3130147,1528.39208984375,138,left
3130336,1528.484375,60,-1
3130431,1528.53076171875,148,left
3131161,1528.88720703125,192,-1
3131893,1529.24462890625,138,left
3132009,1529.30126953125,148,left
3136351,1531.42138671875,16.0,-1.0
3136682,1531.5830078125,138,right
3136792,1531.63671875,148,right
3136998,1531.7373046875,138,right
3137143,1531.80810546875,112.0,-1.0
3137266,1531.8681640625,148,right
3137968,1532.2109375,192.0,-1.0
3149970,1538.0712890625,8.0,-1.0
3150695,1538.42529296875,138,right
3150866,1538.5087890625,120.0,-1.0
3150945,1538.54736328125,148,right
3156864,1541.4375,16.0,-1.0
3157344,1541.671875,138,right
3157473,1541.73486328125,112.0,-1.0
3157602,1541.7978515625,148,right
3158298,1542.1376953125,192.0,-1.0
3177105,1551.32080078125,4,-1
3177794,1551.6572265625,138,left
3177951,1551.73388671875,60,-1
3178133,1551.82275390625,148,left
3178776,1552.13671875,192,-1
3183966,1554.6708984375,4,-1
3184743,1555.05029296875,138,left
3184893,1555.12353515625,60,-1
3185061,1555.20556640625,148,left
3197619,1561.33740234375,16.0,-1.0
3198174,1561.6083984375,138,right
3198316,1561.677734375,112.0,-1.0
3198428,1561.732421875,148,right
3199141,1562.08056640625,192.0,-1.0
3204309,1564.60400390625,16.0,-1.0
3204908,1564.896484375,138,right
3205051,1564.96630859375,112.0,-1.0
3205166,1565.0224609375,148,right
3205876,1565.369140625,192.0,-1.0
3211067,1567.90380859375,8,-1
3211871,1568.29638671875,138,right
3212024,1568.37109375,120,-1
3212141,1568.42822265625,148,right
3212616,1568.66015625,138,right
3212634,1568.6689453125,148,right
3213081,1568.88720703125,138,right
3213123,1568.90771484375,148,right
3213237,1568.96337890625,138,right
3213242,1568.9658203125,148,right
3213536,1569.109375,138,left
3213572,1569.126953125,148,left
3218030,1571.3037109375,8.0,-1.0
3218683,1571.62255859375,138,right
3218860,1571.708984375,120.0,-1.0
3218984,1571.76953125,148,right
3219019,1571.78662109375,138,right
3219139,1571.84521484375,148,right
3219685,1572.11181640625,192.0,-1.0
3231820,1578.037109375,16.0,-1.0
3232468,1578.353515625,138,right
3232607,1578.42138671875,112.0,-1.0
3232718,1578.4755859375,148,right
3233432,1578.82421875,192.0,-1.0
3238612,1581.353515625,8.0,-1.0
3239307,1581.69287109375,138,right
3239390,1581.7333984375,148,right
3239483,1581.77880859375,138,right
3239632,1581.8515625,120.0,-1.0
3239788,1581.927734375,148,right
3259297,1591.45361328125,16.0,-1.0
3260302,1591.9443359375,138,right
3260431,1592.00732421875,112.0,-1.0
3260630,1592.1044921875,148,right
3266431,1594.93701171875,4,-1
3268000,1595.703125,138,left
3268161,1595.78173828125,60,-1
3268358,1595.8779296875,148,left
3268793,1596.09033203125,138,right
3268878,1596.1318359375,148,right
3274145,1598.70361328125,4,-1
3275202,1599.2197265625,138,left
3275380,1599.306640625,60,-1
3275466,1599.3486328125,148,left
3275582,1599.4052734375,138,left
3275709,1599.46728515625,148,left
3281381,1602.23681640625,4,-1
3282028,1602.552734375,138,left
3282188,1602.630859375,60,-1
3282423,1602.74560546875,148,left
3283012,1603.033203125,192,-1
3468736,1693.71875,16.0,-1.0
3469289,1693.98876953125,138,right
3469418,1694.0517578125,112.0,-1.0
3469518,1694.1005859375,148,right
3469564,1694.123046875,138,right
3469633,1694.15673828125,148,right
3475426,1696.9853515625,16.0,-1.0
3475970,1697.2509765625,138,right
3476105,1697.31689453125,112.0,-1.0
3476196,1697.361328125,148,right
3476249,1697.38720703125,138,right
3476330,1697.4267578125,148,right
3488669,1703.45166015625,8.0,-1.0
3489394,1703.8056640625,138,right
3489549,1703.88134765625,120.0,-1.0
3489640,1703.92578125,148,right
3489668,1703.939453125,138,right
3489776,1703.9921875,148,right
3495530,1706.8017578125,16.0,-1.0
3496253,1707.15478515625,138,right
3496376,1707.21484375,112.0,-1.0
3496522,1707.2861328125,148,right
3502390,1710.1513671875,8.0,-1.0
3503000,1710.44921875,138,right
3503103,1710.49951171875,120.0,-1.0
3503298,1710.5947265625,148,right
3515770,1716.6845703125,16,-1
3516396,1716.990234375,138,right
3516552,1717.06640625,112,-1
3516674,1717.1259765625,148,right
3516739,1717.15771484375,138,right
3516768,1717.171875,148,right
3517442,1717.5009765625,138,left
3517474,1717.5166015625,148,left
3529526,1723.4013671875,16.0,-1.0
3530211,1723.73583984375,138,right
3530341,1723.79931640625,112.0,-1.0
3530491,1723.87255859375,148,right
3530528,1723.890625,138,right
3530576,1723.9140625,148,right
3536353,1726.73486328125,8.0,-1.0
3536929,1727.01611328125,138,right
3537046,1727.0732421875,120.0,-1.0
3537210,1727.1533203125,148,right
3543043,1730.00146484375,8.0,-1.0
3543535,1730.24169921875,138,right
3543702,1730.3232421875,148,right
3543754,1730.3486328125,138,right
3543960,1730.44921875,120.0,-1.0
3544160,1730.546875,148,right
3549972,1733.384765625,8.0,-1.0
3550456,1733.62109375,138,right
3550586,1733.6845703125,120.0,-1.0
3550802,1733.7900390625,148,right
3563590,1740.0341796875,16.0,-1.0
3564106,1740.2861328125,138,right
3564167,1740.31591796875,148,right
3564280,1740.37109375,138,right
3564389,1740.42431640625,112.0,-1.0
3564634,1740.5439453125,148,right
3577278,1746.7177734375,4,-1
3578218,1747.1767578125,138,left
3578303,1747.21826171875,60,-1
3578448,1747.2890625,148,left
3584309,1750.15087890625,8.0,-1.0
3584875,1750.42724609375,138,right
3585035,1750.50537109375,120.0,-1.0
3585124,1750.548828125,148,right
3597928,1756.80078125,4,-1
3598594,1757.1259765625,138,right
3598599,1757.12841796875,148,right
3598854,1757.2529296875,138,left
3599032,1757.33984375,60,-1
3599185,1757.41455078125,148,left
3605028,1760.267578125,4,-1
3606162,1760.8212890625,138,left
3606243,1760.86083984375,148,left
3606254,1760.8662109375,60,-1
3606275,1760.87646484375,138,left
3606314,1760.8955078125,148,left
3606366,1760.9208984375,138,left
3606469,1760.97119140625,148,left
3619295,1767.23388671875,8,-1
3619888,1767.5234375,138,right
3619978,1767.5673828125,120,-1
3620134,1767.6435546875,148,right
3620803,1767.97021484375,192,-1
3622217,1768.66064453125,138,left
3622254,1768.6787109375,148,left
3625985,1770.50048828125,4,-1
3626745,1770.87158203125,138,left
3626917,1770.95556640625,60,-1
3627006,1770.9990234375,148,left
3627035,1771.01318359375,138,left
3627159,1771.07373046875,148,left
3627304,1771.14453125,138,left
3627387,1771.18505859375,148,left
3632416,1773.640625,138,right
3632505,1773.68408203125,148,right
3632914,1773.8837890625,16.0,-1.0
3633399,1774.12060546875,138,right
3633489,1774.16455078125,148,right
3633503,1774.17138671875,112.0,-1.0
3633549,1774.19384765625,138,right
3633649,1774.24267578125,148,right
3634329,1774.57470703125,192.0,-1.0
3639502,1777.1005859375,16.0,-1.0
3639591,1777.14404296875,138,right
3639612,1777.154296875,148,right
3640059,1777.37255859375,138,right
3640185,1777.43408203125,112.0,-1.0
3640349,1777.51416015625,148,right
3641010,1777.8369140625,192.0,-1.0
3652916,1783.650390625,4,-1
3653166,1783.7724609375,138,right
3653253,1783.81494140625,148,right
3654075,1784.21630859375,138,left
3654200,1784.27734375,60,-1
3654433,1784.39111328125,148,left
3655160,1784.74609375,138,right
3655294,1784.8115234375,148,right
3660186,1787.2001953125,4,-1
3660955,1787.57568359375,138,left
3661103,1787.64794921875,60,-1
3661323,1787.75537109375,148,left
3667115,1790.58349609375,4,-1
3667782,1790.9091796875,138,left
3667935,1790.98388671875,60,-1
3668119,1791.07373046875,148,left
3700975,1807.11669921875,4,-1
3701600,1807.421875,138,right
3701621,1807.43212890625,148,right
3701767,1807.50341796875,138,left
3701901,1807.56884765625,60,-1
3702063,1807.64794921875,148,left
3702094,1807.6630859375,138,left
3702192,1807.7109375,148,left
3707904,1810.5,4,-1
3708604,1810.841796875,138,left
3708760,1810.91796875,60,-1
3708838,1810.9560546875,148,left
3710032,1811.5390625,138,right
3710064,1811.5546875,148,right
3714765,1813.85009765625,8.0,-1.0
3715460,1814.189453125,138,right
3715612,1814.263671875,120.0,-1.0
3715764,1814.337890625,148,right
3717808,1815.3359375,138,right
3717836,1815.349609375,148,right
3720569,1816.68408203125,32,-1
3720570,1816.6845703125,2,-1
3721625,1817.19970703125,1,-1
3722243,1817.50146484375,138,left
3722402,1817.5791015625,63,-1
3722641,1817.69580078125,148,left
3722921,1817.83251953125,138,right
3722998,1817.8701171875,148,right
3723227,1817.98193359375,192,-1
3728418,1820.5166015625,8.0,-1.0
3729099,1820.84912109375,138,right
3729196,1820.896484375,120.0,-1.0
3729399,1820.99560546875,148,right
3729471,1821.03076171875,138,right
3729550,1821.0693359375,148,right
3730021,1821.29931640625,192.0,-1.0
3735210,1823.8330078125,4,-1
3736267,1824.34912109375,138,left
3736424,1824.42578125,60,-1
3736648,1824.53515625,148,left
3737117,1824.76416015625,138,left
3737212,1824.810546875,148,left
3742412,1827.349609375,16.0,-1.0
3742845,1827.56103515625,138,right
3743019,1827.64599609375,148,right
3743058,1827.6650390625,138,right
3743128,1827.69921875,112.0,-1.0
3743386,1827.8251953125,148,right
3743953,1828.10205078125,192.0,-1.0
3749136,1830.6328125,8.0,-1.0
3749596,1830.857421875,138,right
3749754,1830.9345703125,120.0,-1.0
3749842,1830.9775390625,148,right
3749886,1830.9990234375,138,right
3749976,1831.04296875,148,right
3750579,1831.33740234375,192.0,-1.0
3755758,1833.8662109375,4,-1
3756481,1834.21923828125,138,left
3756617,1834.28564453125,60,-1
3756853,1834.40087890625,148,left
3757442,1834.6884765625,192,-1
3769411,1840.53271484375,8.0,-1.0
3770139,1840.88818359375,138,right
3770283,1840.95849609375,120.0,-1.0
3770384,1841.0078125,148,right
3771108,1841.361328125,192.0,-1.0
3776272,1843.8828125,4,-1
3776971,1844.22412109375,138,left
3777165,1844.31884765625,60,-1
3777386,1844.4267578125,148,left
3777990,1844.7216796875,192,-1
3783167,1847.24951171875,8.0,-1.0
3783845,1847.58056640625,138,right
3783971,1847.64208984375,120.0,-1.0
3784200,1847.75390625,148,right
3784796,1848.044921875,192.0,-1.0
3789959,1850.56591796875,8,-1
3790528,1850.84375,138,left
3790670,1850.9130859375,56,-1
3790794,1850.9736328125,148,left
3791045,1851.09619140625,138,right
3791100,1851.123046875,148,right
3791468,1851.302734375,138,right
3791741,1851.43603515625,148,right
3796683,1853.84912109375,16.0,-1.0
3797168,1854.0859375,138,right
3797328,1854.1640625,112.0,-1.0
3797452,1854.224609375,148,right
3798153,1854.56689453125,192.0,-1.0
3803339,1857.09912109375,4,-1
3804090,1857.4658203125,138,left
3804235,1857.53662109375,60,-1
3804514,1857.6728515625,148,left
3805060,1857.939453125,192,-1
3810234,1860.4658203125,16.0,-1.0
3810813,1860.74853515625,138,right
3811046,1860.8623046875,112.0,-1.0
3811250,1860.9619140625,148,right
3811871,1861.26513671875,192.0,-1.0
3817060,1863.798828125,4,-1
3817794,1864.1572265625,138,left
3817949,1864.23291015625,60,-1
3818193,1864.35205078125,148,left
3818774,1864.6357421875,192,-1
3823955,1867.16552734375,16.0,-1.0
3824687,1867.52294921875,138,right
3824835,1867.59521484375,112.0,-1.0
3825049,1867.69970703125,148,right
3825660,1867.998046875,192.0,-1.0
3830850,1870.5322265625,16.0,-1.0
3831414,1870.8076171875,138,right
3831558,1870.8779296875,112.0,-1.0
3831827,1871.00927734375,148,right
3832383,1871.28076171875,192.0,-1.0
3837574,1873.8154296875,16.0,-1.0
3838134,1874.0888671875,138,right
3838259,1874.14990234375,112.0,-1.0
3838487,1874.26123046875,148,right
3839084,1874.552734375,192.0,-1.0
3844264,1877.08203125,8.0,-1.0
3844900,1877.392578125,138,right
3845000,1877.44140625,120.0,-1.0
3845233,1877.55517578125,148,right
3845826,1877.8447265625,192.0,-1.0
3850988,1880.365234375,8.0,-1.0
3851516,1880.623046875,138,right
3851652,1880.689453125,120.0,-1.0
3851785,1880.75439453125,148,right
3852477,1881.09228515625,192.0,-1.0
3857644,1883.615234375,16.0,-1.0
3858300,1883.935546875,138,right
3858427,1883.99755859375,112.0,-1.0
3858639,1884.10107421875,148,right
3859252,1884.400390625,192.0,-1.0
3864437,1886.93212890625,4,-1
3864598,1887.0107421875,138,left
3864630,1887.0263671875,148,left
3864869,1887.14306640625,138,right
3864964,1887.189453125,148,right
3865162,1887.2861328125,138,left
3865291,1887.34912109375,60,-1
3865468,1887.435546875,148,left
3866115,1887.75146484375,192,-1
3871297,1890.28173828125,8.0,-1.0
3871979,1890.61474609375,138,right
3872073,1890.66064453125,120.0,-1.0
3872291,1890.76708984375,148,right
3872898,1891.0634765625,192.0,-1.0
3878090,1893.5986328125,16.0,-1.0
3878856,1893.97265625,138,right
3878965,1894.02587890625,112.0,-1.0
3879192,1894.13671875,148,right
3879790,1894.4287109375,192.0,-1.0
3884951,1896.94873046875,4,-1
3885852,1897.388671875,138,left
3886006,1897.4638671875,60,-1
3886236,1897.576171875,148,left
3956425,1931.84814453125,16.0,-1.0
3956944,1932.1015625,138,right
3957051,1932.15380859375,112.0,-1.0
3957337,1932.29345703125,148,right
3969702,1938.3310546875,8.0,-1.0
3970475,1938.70849609375,138,right
3970570,1938.7548828125,120.0,-1.0
3970819,1938.87646484375,148,right
3976563,1941.68115234375,8.0,-1.0
3977093,1941.93994140625,138,right
3977210,1941.9970703125,120.0,-1.0
3977453,1942.11572265625,148,right
3983219,1944.93115234375,16.0,-1.0
3983824,1945.2265625,138,right
3983920,1945.2734375,112.0,-1.0
3984128,1945.375,148,right
3989909,1948.19775390625,4,-1
3990600,1948.53515625,138,left
3990678,1948.5732421875,148,left
3990758,1948.6123046875,138,left
3990861,1948.66259765625,60,-1
3991125,1948.79150390625,148,left
3996872,1951.59765625,4,-1
3997603,1951.95458984375,138,left
3997780,1952.041015625,60,-1
3998035,1952.16552734375,148,left
4003767,1954.96435546875,8.0,-1.0
4004389,1955.26806640625,138,right
4004488,1955.31640625,120.0,-1.0
4004676,1955.408203125,148,right
4004716,1955.427734375,138,right
4004793,1955.46533203125,148,right
4010491,1958.24755859375,16.0,-1.0
4010907,1958.45068359375,138,right
4011042,1958.5166015625,112.0,-1.0
4011294,1958.6396484375,148,right
4043804,1974.513671875,8,-1
4043927,1974.57373046875,138,left
4043965,1974.59228515625,148,left
4044475,1974.84130859375,138,right
4044570,1974.8876953125,120,-1
4044840,1975.01953125,148,right
4050563,1977.81396484375,8.0,-1.0
4051064,1978.05859375,138,right
4051176,1978.11328125,120.0,-1.0
4051356,1978.201171875,148,right
4063909,1984.33056640625,4,-1
4064638,1984.6865234375,138,left
4064737,1984.73486328125,60,-1
4065032,1984.87890625,148,left
4066257,1985.47705078125,138,left
4066366,1985.5302734375,148,left
4070735,1987.66357421875,8,-1
4071242,1987.9111328125,138,left
4071310,1987.9443359375,138,right
4071353,1987.96533203125,148,left
4071452,1988.013671875,120,-1
4071669,1988.11962890625,148,right
4077459,1990.94677734375,16,-1
4078090,1991.2548828125,138,right
4078205,1991.31103515625,112,-1
4078434,1991.4228515625,148,right
4079504,1991.9453125,138,left
4079533,1991.95947265625,148,left
4084218,1994.2470703125,8.0,-1.0
4084737,1994.50048828125,138,right
4084839,1994.55029296875,120.0,-1.0
4085032,1994.64453125,148,right
4085225,1994.73876953125,138,right
4085351,1994.80029296875,148,right
4104356,2004.080078125,16.0,-1.0
4105028,2004.408203125,138,right
4105157,2004.47119140625,112.0,-1.0
4105424,2004.6015625,148,right
4111148,2007.396484375,16.0,-1.0
4111996,2007.810546875,138,right
4112077,2007.85009765625,112.0,-1.0
4112320,2007.96875,148,right
4118077,2010.77978515625,8.0,-1.0
4118963,2011.21240234375,138,right
4119048,2011.25390625,120.0,-1.0
4119256,2011.35546875,148,right
4131594,2017.3798828125,8.0,-1.0
4132150,2017.6513671875,138,right
4132238,2017.6943359375,120.0,-1.0
4132410,2017.7783203125,148,right
4133064,2018.09765625,192.0,-1.0
4145418,2024.1298828125,4,-1
4146145,2024.48486328125,138,left
4146268,2024.544921875,60,-1
4146526,2024.6708984375,148,left
4148095,2025.43701171875,138,left
4148248,2025.51171875,148,left
4158934,2030.7294921875,16.0,-1.0
4159519,2031.01513671875,138,right
4159616,2031.0625,112.0,-1.0
4159772,2031.138671875,148,right
4160441,2031.46533203125,192.0,-1.0
4165624,2033.99609375,16.0,-1.0
4166148,2034.251953125,138,right
4166236,2034.294921875,112.0,-1.0
4166406,2034.3779296875,148,right
4167061,2034.69775390625,192.0,-1.0
4172246,2037.2294921875,8.0,-1.0
4172846,2037.5224609375,138,right
4172922,2037.5595703125,120.0,-1.0
4173080,2037.63671875,148,right
4173132,2037.662109375,138,right
4173178,2037.6845703125,148,right
4173747,2037.96240234375,192.0,-1.0
4178936,2040.49609375,16.0,-1.0
4179368,2040.70703125,138,right
4179462,2040.7529296875,112.0,-1.0
4179567,2040.80419921875,148,right
4179628,2040.833984375,138,right
4179698,2040.8681640625,148,right
4180287,2041.15576171875,192.0,-1.0
4185455,2043.67919921875,16.0,-1.0
4185844,2043.869140625,138,right
4185972,2043.931640625,112.0,-1.0
4186117,2044.00244140625,148,right
4186797,2044.33447265625,192.0,-1.0
4191975,2046.86279296875,4,-1
4192118,2046.9326171875,138,right
4192186,2046.9658203125,148,right
4192604,2047.169921875,138,left
4192779,2047.25537109375,60,-1
4192924,2047.326171875,148,left
4206003,2053.71240234375,16.0,-1.0
4206431,2053.92138671875,138,right
4206524,2053.966796875,112.0,-1.0
4206763,2054.08349609375,148,right
4207349,2054.36962890625,192.0,-1.0
4219110,2060.1123046875,4,-1
4219838,2060.4677734375,138,left
4219944,2060.51953125,60,-1
4220211,2060.64990234375,148,left
4225937,2063.44580078125,8.0,-1.0
4226665,2063.80126953125,138,right
4226794,2063.8642578125,120.0,-1.0
4227015,2063.97216796875,148,right
4232798,2066.7958984375,8.0,-1.0
4233361,2067.07080078125,138,right
4233456,2067.1171875,120.0,-1.0
4233658,2067.2158203125,148,right
4234282,2067.5205078125,192.0,-1.0
4238562,2069.6103515625,138,left
4238593,2069.62548828125,148,left
4239454,2070.0458984375,4,-1
4240033,2070.32861328125,138,left
4240150,2070.3857421875,148,left
4240181,2070.40087890625,138,left
4240208,2070.4140625,60,-1
4240252,2070.435546875,148,left
4242263,2071.41748046875,138,right
4242284,2071.427734375,148,right
4252868,2076.595703125,8,-1
4253613,2076.95947265625,138,left
4253802,2077.0517578125,148,left
4253817,2077.05908203125,138,right
4253876,2077.087890625,138,left
4253905,2077.10205078125,120,-1
4254020,2077.158203125,148,left
4254054,2077.1748046875,148,right
4254107,2077.20068359375,138,right
4254257,2077.27392578125,148,right
4254403,2077.34521484375,138,right
4254527,2077.40576171875,148,right
4254583,2077.43310546875,138,right
4254671,2077.47607421875,148,right
4254728,2077.50390625,138,right
4254843,2077.56005859375,148,right
4254971,2077.62255859375,138,right
4255273,2077.77001953125,148,right
4255333,2077.79931640625,138,right
4255551,2077.90576171875,148,right
4255610,2077.9345703125,138,right
4255723,2077.98974609375,148,right
4259899,2080.02880859375,8.0,-1.0
4260306,2080.2275390625,138,right
4260447,2080.29638671875,120.0,-1.0
4260657,2080.39892578125,148,right
4261272,2080.69921875,192.0,-1.0
4266453,2083.22900390625,4,-1
4267283,2083.63427734375,138,left
4267462,2083.7216796875,60,-1
4267650,2083.8134765625,148,left
4273450,2086.6455078125,16.0,-1.0
4273994,2086.9111328125,138,right
4274079,2086.95263671875,112.0,-1.0
4274335,2087.07763671875,148,right
4274904,2087.35546875,192.0,-1.0
4280072,2089.87890625,4,-1
4280743,2090.20654296875,138,left
4280816,2090.2421875,148,left
4280853,2090.26025390625,138,left
4280944,2090.3046875,60,-1
4281058,2090.3603515625,148,left
4281084,2090.373046875,138,left
4281146,2090.4033203125,148,left
4293929,2096.64501953125,4,-1
4294936,2097.13671875,138,left
4294971,2097.15380859375,148,left
4295082,2097.2080078125,138,left
4295180,2097.255859375,60,-1
4295429,2097.37744140625,148,left
4301166,2100.1787109375,8.0,-1.0
4301808,2100.4921875,138,right
4301940,2100.556640625,120.0,-1.0
4302139,2100.65380859375,148,right
4307924,2103.478515625,4,-1
4308669,2103.84228515625,138,left
4308835,2103.92333984375,60,-1
4309044,2104.025390625,148,left
4314819,2106.84521484375,4,-1
4315506,2107.1806640625,138,left
4315672,2107.26171875,60,-1
4315977,2107.41064453125,148,left
4321679,2110.19482421875,4,-1
4322318,2110.5068359375,138,left
4322453,2110.57275390625,60,-1
4322729,2110.70751953125,148,left
4324135,2111.39404296875,138,right
4324252,2111.451171875,148,right
4324586,2111.6142578125,138,right
4324735,2111.68701171875,148,right
4328438,2113.4951171875,4,-1
4329061,2113.79931640625,138,left
4329180,2113.857421875,60,-1
4329418,2113.9736328125,148,left
4330006,2114.2607421875,192,-1
4335196,2116.794921875,16.0,-1.0
4335891,2117.13427734375,138,right
4335990,2117.1826171875,112.0,-1.0
4336230,2117.2998046875,148,right
4341988,2120.111328125,8.0,-1.0
4342638,2120.4287109375,138,right
4342732,2120.474609375,120.0,-1.0
4342986,2120.5986328125,148,right
4343557,2120.87744140625,192.0,-1.0
4348747,2123.41162109375,4,-1
4349529,2123.79345703125,138,left
4349700,2123.876953125,60,-1
4349878,2123.9638671875,148,left
4355710,2126.8115234375,16,-1
4355788,2126.849609375,138,right
4355872,2126.890625,148,right
4356056,2126.98046875,138,right
4356120,2127.01171875,148,right
4356218,2127.0595703125,138,right
4356345,2127.12158203125,112,-1
4356560,2127.2265625,148,right
4357170,2127.5244140625,192,-1
4358408,2128.12890625,138,left
4358438,2128.1435546875,148,left
4368953,2133.27783203125,16.0,-1.0
4369456,2133.5234375,138,right
4369575,2133.58154296875,112.0,-1.0
4369840,2133.7109375,148,right
4370400,2133.984375,192.0,-1.0
4371878,2134.7060546875,138,right
4371988,2134.759765625,148,right
4375575,2136.51123046875,16.0,-1.0
4376200,2136.81640625,138,right
4376277,2136.85400390625,112.0,-1.0
4376455,2136.94091796875,148,right
4377101,2137.25634765625,192.0,-1.0
4382265,2139.77783203125,4,-1
4382698,2139.9892578125,138,left
4382785,2140.03173828125,148,left
4382845,2140.06103515625,138,left
4382938,2140.1064453125,60,-1
4383083,2140.17724609375,148,left
4383762,2140.5087890625,192,-1
